{
  "summary": {
    "representation_drift_mean": 0.1588526072999954,
    "representation_drift_final": 0.27445758981949503,
    "layer_update_norm_mean": 0.014700334825768942,
    "layer_update_norm_max": 0.023389839445643528,
    "ntk_drift_mean": 0.21534615164511767,
    "ntk_drift_final": 0.6202625232546148,
    "spectral_radius_mean": null,
    "spectral_radius_max": null,
    "transfer_regret": -0.4817421027264748
  },
  "per_step": {
    "representation_drift": [
      0.0,
      0.018798391936478035,
      0.03589595222823475,
      0.05105404092693422,
      0.06452950423116771,
      0.0766142159544852,
      0.08813991878237856,
      0.09872356010054067,
      0.10893526602283783,
      0.118451393319712,
      0.12733918410173253,
      0.13592231874692276,
      0.1443184331166568,
      0.15260364667775386,
      0.16057696112938788,
      0.1684335778757715,
      0.17634732442403342,
      0.18393739717965205,
      0.19130312170384564,
      0.19843923149581075,
      0.20506044101090318,
      0.21148905053665515,
      0.2179549677918094,
      0.22435175664975604,
      0.2306460016292822,
      0.23755159458416714,
      0.24458314652608482,
      0.25183334783686134,
      0.25931445919555596,
      0.2668250307649507,
      0.27445758981949503
    ],
    "layer_update_norms": [
      [
        0.0158382080212882,
        0.013506969101787027,
        0.023389839445643528
      ],
      [
        0.015427476086660109,
        0.013167046894452385,
        0.02284007322866907
      ],
      [
        0.014899859929770056,
        0.01261041051951186,
        0.022358878223520843
      ],
      [
        0.01466855573319311,
        0.012442884841201814,
        0.0219425789916975
      ],
      [
        0.01437211659110755,
        0.012310859973626681,
        0.021570062442796405
      ],
      [
        0.014080447405332382,
        0.012116079158626026,
        0.02123267475517026
      ],
      [
        0.013897120701495033,
        0.011968698658278735,
        0.02092371641026041
      ],
      [
        0.013838707876082752,
        0.011944567211721767,
        0.020636653798560597
      ],
      [
        0.013704137417663317,
        0.011863625028647365,
        0.02036936686262502
      ],
      [
        0.013648509003200771,
        0.011883424970312438,
        0.02011540568506478
      ],
      [
        0.013571704470928654,
        0.01184195964874283,
        0.01987212783597654
      ],
      [
        0.01361380334111428,
        0.011819305804067695,
        0.01963572012002117
      ],
      [
        0.013537002296537627,
        0.011795009037788002,
        0.01940338896041947
      ],
      [
        0.013476053779897638,
        0.011770546031629425,
        0.01917302360474975
      ],
      [
        0.013453623326670903,
        0.011756502762035938,
        0.018942293167524216
      ],
      [
        0.013408640878781094,
        0.011712648405464614,
        0.01870809657737363
      ],
      [
        0.013410965196528334,
        0.011672074188078727,
        0.01846816307637119
      ],
      [
        0.013365418316516157,
        0.011606490423641808,
        0.01821990548150213
      ],
      [
        0.01335084211443699,
        0.011617864176058507,
        0.017963199730045083
      ],
      [
        0.013226832922330912,
        0.011557522044443201,
        0.017694769406518773
      ],
      [
        0.013130700013540962,
        0.011454117814847318,
        0.017413735042240537
      ],
      [
        0.013039612644363518,
        0.01137549253476381,
        0.01712162333171224
      ],
      [
        0.012976290098907703,
        0.011348889272651229,
        0.01681960014789909
      ],
      [
        0.01295899443737919,
        0.01136460560053631,
        0.016506533232313107
      ],
      [
        0.013011054811024172,
        0.011433694937703192,
        0.016181889516567398
      ],
      [
        0.012894113426832996,
        0.011257919727550011,
        0.015848710195419786
      ],
      [
        0.01280914681245732,
        0.01112000671210429,
        0.015505861205263939
      ],
      [
        0.012656414520720414,
        0.010972399659625381,
        0.015153822988700006
      ],
      [
        0.012482202088769292,
        0.010802914095408015,
        0.014792772923184124
      ],
      [
        0.01233927008004982,
        0.010620025599092779,
        0.014423268753413694
      ]
    ],
    "ntk_drift": [
      0.0,
      0.016933209669059097,
      0.025182478040336,
      0.0316567875105397,
      0.03683254407087309,
      0.04126655269210811,
      0.04605526126055362,
      0.04850264759208543,
      0.05516610630577989,
      0.06072394250577727,
      0.06832654772767631,
      0.07871277626684209,
      0.09177019769671539,
      0.1070713645646253,
      0.12484801617692326,
      0.14495537290752286,
      0.1728856426704715,
      0.19626598907264275,
      0.22109099575130697,
      0.2472872416271702,
      0.2748431857513111,
      0.303474975457673,
      0.33308167377361403,
      0.36326876703747973,
      0.4035463664669404,
      0.43656308256191456,
      0.47865184156426116,
      0.5134371472504315,
      0.548709363504416,
      0.5843581002669817,
      0.6202625232546148
    ]
  },
  "metadata": {
    "run_type": "real_architecture_training",
    "model": "residual_mlp_2block_purepy",
    "parametrization_class": "standard",
    "optimizer_family": "SGD",
    "width_vector": [
      24
    ],
    "depth_vector": [
      5
    ],
    "input_dim": 6,
    "lr": 0.03,
    "steps": 30,
    "transfer_from_small_width": 8,
    "large_width": 24
  }
}