{
  "summary": {
    "representation_drift_mean": 0.037329715406057985,
    "representation_drift_final": 0.0644005855932298,
    "layer_update_norm_mean": 0.0035875583816161968,
    "layer_update_norm_max": 0.005379861390979985,
    "ntk_drift_mean": 0.17256088754113527,
    "ntk_drift_final": 0.2913586816753003,
    "spectral_radius_mean": null,
    "spectral_radius_max": null,
    "transfer_regret": 0.02792907083181763
  },
  "per_step": {
    "representation_drift": [
      0.0,
      0.004331938357126073,
      0.008166926551272182,
      0.011633747166781793,
      0.014879661173427367,
      0.017826692790403432,
      0.020445469535965852,
      0.02287137688079334,
      0.025216080932257627,
      0.027458122306914006,
      0.029665823137263972,
      0.031775641300143986,
      0.03376611354563762,
      0.03568335571064191,
      0.03755065812744643,
      0.039389566763457055,
      0.04118784918484384,
      0.042945291956692576,
      0.04475401209530523,
      0.04650513440208452,
      0.048208342367084926,
      0.04995251970326078,
      0.05169194460343918,
      0.053388927449503576,
      0.05501911485192556,
      0.05661430003670509,
      0.05818048759206384,
      0.0597113355990093,
      0.06121636743100665,
      0.06278379044211013,
      0.0644005855932298
    ],
    "layer_update_norms": [
      [
        0.005379861390979985,
        0.0037243645140527474,
        0.00533181182178927
      ],
      [
        0.005224469342554881,
        0.00359724640285464,
        0.0052070947019424545
      ],
      [
        0.005103148424884882,
        0.00349575124040423,
        0.005089947931183492
      ],
      [
        0.005002395067073201,
        0.003400864049936302,
        0.00497877439144794
      ],
      [
        0.004880750381553234,
        0.0033073722699654747,
        0.0048727783198494025
      ],
      [
        0.004768466291008393,
        0.0032161086689642833,
        0.004772213223718998
      ],
      [
        0.004666756268296242,
        0.0031334293412192903,
        0.0046765290068108995
      ],
      [
        0.004558797933352141,
        0.003050001891686669,
        0.004585270557815606
      ],
      [
        0.004453907446890816,
        0.002967756238904814,
        0.004498268146067475
      ],
      [
        0.004355252234008888,
        0.0028850755958348575,
        0.004415356798079828
      ],
      [
        0.004265580839191341,
        0.0028144650548766227,
        0.004336131172008744
      ],
      [
        0.004176014435860971,
        0.002747032245823654,
        0.004260355233001916
      ],
      [
        0.004078453816033767,
        0.0026728994140143908,
        0.004187814032440956
      ],
      [
        0.004002808406160749,
        0.00260891387741301,
        0.004118525145456633
      ],
      [
        0.003936869464772874,
        0.0025529189768080346,
        0.0040519472368774605
      ],
      [
        0.0038466337570319813,
        0.0024944505458712298,
        0.003987900593711351
      ],
      [
        0.003786852292324038,
        0.0024457538684785926,
        0.003926609974415749
      ],
      [
        0.0037255035787720414,
        0.002392940988892528,
        0.0038674993554873595
      ],
      [
        0.0036572040079182896,
        0.00234249348389062,
        0.0038104756722031406
      ],
      [
        0.0036009583504146058,
        0.0022983821773115195,
        0.00375553614309298
      ],
      [
        0.0035452765355053614,
        0.002245921900190592,
        0.0037024932623563136
      ],
      [
        0.0034824138070870428,
        0.0022037639082170203,
        0.003651397387306649
      ],
      [
        0.0034271371609804788,
        0.002156195253770627,
        0.003602038191443338
      ],
      [
        0.003365456011764731,
        0.0021159527349407696,
        0.0035544480662172777
      ],
      [
        0.0033139253681914874,
        0.0020710598510386077,
        0.0035085498377779496
      ],
      [
        0.0032602079065441147,
        0.002034986002323765,
        0.003464190359863679
      ],
      [
        0.0032201804066747768,
        0.0020001698570339195,
        0.003421247137195592
      ],
      [
        0.0031729693802275884,
        0.0019549091072821262,
        0.0033795691247562264
      ],
      [
        0.003131579052923422,
        0.0019257296441854825,
        0.0033392508521353924
      ],
      [
        0.003090131381220747,
        0.0018892318505394972,
        0.0033001289720746272
      ]
    ],
    "ntk_drift": [
      0.0,
      0.021967067783736118,
      0.03569568449160946,
      0.04849413903884165,
      0.061003447560260986,
      0.07912868145670178,
      0.09379797360356244,
      0.10522717103655083,
      0.12041339036117434,
      0.13078609778878625,
      0.14041688561432966,
      0.15011163483368928,
      0.15921725682988636,
      0.16822166257708154,
      0.176250700814862,
      0.18473750402571582,
      0.19373631592328341,
      0.20157878143894722,
      0.20918170692119306,
      0.2164733069732673,
      0.22372668575102458,
      0.23324615592466846,
      0.23992505124089247,
      0.24639921307829546,
      0.2526775341085963,
      0.258770673947275,
      0.2657805850856633,
      0.27463853576483405,
      0.2805221764397357,
      0.2859028116854277,
      0.2913586816753003
    ]
  },
  "metadata": {
    "run_type": "real_architecture_training",
    "model": "seq_mixer_2block_purepy",
    "parametrization_class": "standard",
    "optimizer_family": "SGD",
    "width_vector": [
      28
    ],
    "depth_vector": [
      5
    ],
    "tokens": 4,
    "channels": 6,
    "lr": 0.03,
    "steps": 30,
    "transfer_from_small_width": 10,
    "large_width": 28
  }
}