{
  "summary": {
    "representation_drift_mean": 1.0178057491578134,
    "representation_drift_final": 1.2599400980627034,
    "layer_update_norm_mean": 0.018565274953016558,
    "layer_update_norm_max": 0.06685749577208762,
    "ntk_drift_mean": 0.07463591715947815,
    "ntk_drift_final": 0.13065988227536768,
    "spectral_radius_mean": null,
    "spectral_radius_max": null,
    "transfer_regret": -0.032060099817905065
  },
  "per_step": {
    "representation_drift": [
      0.0,
      0.17974945821595698,
      0.3310800528098287,
      0.45890461247081493,
      0.5671575840925991,
      0.6590355063812382,
      0.7371655059382901,
      0.8037260064956859,
      0.8605352386596017,
      0.9091177356144159,
      0.9507555370911721,
      0.9865285694514575,
      1.0173471880177938,
      1.0439788899663343,
      1.0670705612719544,
      1.0871671977624444,
      1.1047277639411361,
      1.1201386737341443,
      1.1337252607939408,
      1.14576152963811,
      1.1564784275996602,
      1.1660708415065166,
      1.1747034960221132,
      1.1825159089328179,
      1.189626540216103,
      1.1961362553152555,
      1.2021312081233866,
      1.2076852355099883,
      1.2128618427362872,
      1.2177158477925956,
      1.2222947425518487,
      1.2266398196525707,
      1.230787106161341,
      1.2347681382560793,
      1.2386106053358132,
      1.2423388870075789,
      1.245974502229239,
      1.2495364864009866,
      1.2530417093049973,
      1.2565051444055493,
      1.2599400980627034
    ],
    "layer_update_norms": [
      [
        0.06685749577208762,
        0.060355862611281404
      ],
      [
        0.06113677307330316,
        0.055153130007598146
      ],
      [
        0.05605278803388046,
        0.05058439540254025
      ],
      [
        0.051484583755304555,
        0.04651561787281072
      ],
      [
        0.047342567053780565,
        0.0428486704348669
      ],
      [
        0.04355986945244706,
        0.03951146164525475
      ],
      [
        0.040086179510794163,
        0.03645086883299011
      ],
      [
        0.036883269618825446,
        0.03362759684319293
      ],
      [
        0.03392171680366747,
        0.031012395525224674
      ],
      [
        0.03117848493030042,
        0.028583260491316067
      ],
      [
        0.028635140200011854,
        0.02632335966525888
      ],
      [
        0.026276538699217932,
        0.02421950319941898
      ],
      [
        0.024089868774722387,
        0.022261023684784813
      ],
      [
        0.022063960957040434,
        0.02043896717978806
      ],
      [
        0.020188799240446333,
        0.01874551930645801
      ],
      [
        0.018455182899162797,
        0.01717360801026446
      ],
      [
        0.016854499579650725,
        0.015716637670374557
      ],
      [
        0.015378579326556115,
        0.014368319377116683
      ],
      [
        0.014019606201210335,
        0.013122570172581753
      ],
      [
        0.012770069702261825,
        0.011973460398383583
      ],
      [
        0.01162274261005691,
        0.010915193360471167
      ],
      [
        0.01057067537157686,
        0.009942105552344526
      ],
      [
        0.009607199889149428,
        0.009048678862490915
      ],
      [
        0.008725937708380375,
        0.008229558679232316
      ],
      [
        0.007920809230879813,
        0.007479573721240329
      ],
      [
        0.0071860418005328525,
        0.0067937548708866605
      ],
      [
        0.006516175409506264,
        0.006167351361250289
      ],
      [
        0.005906065410791076,
        0.005595843443489675
      ],
      [
        0.005350882065672326,
        0.005074951204771856
      ],
      [
        0.004846107044830655,
        0.004600639572342414
      ],
      [
        0.004387527179599807,
        0.004169119771032758
      ],
      [
        0.00397122585613897,
        0.0037768476351773285
      ],
      [
        0.0035935724841150655,
        0.0034205192396634383
      ],
      [
        0.0032512104714641503,
        0.003097064330389677
      ],
      [
        0.0029410441118097614,
        0.002803638018225773
      ],
      [
        0.0026602247513476058,
        0.0025376111648532256
      ],
      [
        0.0024061365546880643,
        0.002296559842437047
      ],
      [
        0.0021763821392531022,
        0.0020782541981245782
      ],
      [
        0.0019687682986050006,
        0.0018806470030723547
      ],
      [
        0.0017812919885050707,
        0.0017018621167477707
      ]
    ],
    "ntk_drift": [
      0.0,
      0.006552103068748964,
      0.009520963951386545,
      0.009701994854484822,
      0.0077638265651495215,
      0.004397132311089184,
      0.0026052056313903343,
      0.0073502517901658125,
      0.013573757815117842,
      0.02028262591740144,
      0.02721629033677258,
      0.03421013562745766,
      0.041143165587845545,
      0.0479244693745393,
      0.05448649780741344,
      0.060780469636929776,
      0.06677279736432323,
      0.07244216349763206,
      0.0777770841729902,
      0.08277386814181245,
      0.08743490847463492,
      0.09176725865550167,
      0.09578145298345456,
      0.09949053674728599,
      0.10290927589752819,
      0.10605351951719816,
      0.10893969156127174,
      0.11158439121146445,
      0.11400408382470806,
      0.11621486685732989,
      0.11823229732781179,
      0.1200712693425175,
      0.12174593195624864,
      0.12326963918139361,
      0.12465492530735454,
      0.1259134998598789,
      0.12705625753349276,
      0.12809329928576801,
      0.12903396150607616,
      0.12988685077966575,
      0.13065988227536768
    ]
  },
  "metadata": {
    "run_type": "real_toy_training",
    "model": "tiny_mlp_purepy",
    "parametrization_class": "standard",
    "optimizer_family": "SGD",
    "width_vector": [
      32
    ],
    "depth_vector": [
      2
    ],
    "lr": 0.05,
    "steps": 40,
    "transfer_from_small_width": 8,
    "large_width": 32
  }
}